<?xml version="1.0" encoding="UTF-8"?>
<system>
  <jdbc>
    <!--<item name="driverName" value="com.mysql.jdbc.Driver" description="驱动名称"/>-->
    <!--<item name="url" value="jdbc:mysql://127.0.0.1:3306/test?useUnicode=yes&amp;characterEncoding=UTF8&amp;allowMultiQueries=true" description="url"/>-->
    <item name="driverName" value="org.postgresql.Driver" description="pgSQL驱动"/>
    <item name="url" value="jdbc:postgresql://192.168.0.149:5555/park?useUnicode=true&amp;characterEncoding=utf-8" description="url"/>
    <item name="username" value="park" description="用户名"/>
    <item name="password" value="Park2015" description="密码"/>
  </jdbc>
  
  <category name="base" description="基础配置">
    <item name="database" value="postgresql" description="数据库"/>
    <!--<item name="schemaPattern" value="park" description="每个用户对应一个同名的schema"/>-->
    <item name="tableNames" value="t_yq_act_activiti_approval" description="需要工具生成的表，逗号分隔"/>
    <item name="entityNames" value="ActivitiApproval" description="实体名，逗号分隔， 与上面的表名一一对应"/>
    <item name="entityDescs" value="房租审核" description="房租审核， 与上面的实体名一一对应"/>
    <item name="baseDir" value="D:\myWorkSpace\successDir" description="文件存放的根目录"/>
  </category>
  
  <category name="entity" description="实体配置">
    <item name="package" value="com.kfwy.park.exp.contract.entity" description="包路径"/>
    <item name="path" value="entity" description="实体存放的路径，相对于baseDir"/>
  </category>
  
  <category name="dao" description="dao配置">
    <item name="package" value="com.kfwy.park.exp.contract.dao" description="包路径"/>
    <item name="path" value="dao" description="dao存放的路径，相对于baseDir"/>
  </category>

  <category name="daoImpl" description="dao配置">
    <item name="package" value="com.kfwy.park.exp.contract.dao.mpl" description="包路径"/>
    <item name="path" value="daoImpl" description="dao存放的路径，相对于baseDir"/>
  </category>

  <category name="mapperXml" description="mapper文件配置">
    <item name="path" value="mapper" description="mapper.xml存放的路径，相对于baseDir"/>
  </category>

 <!--
  <category name="vo" description="vo文件配置">
    <item name="package" value="com.zhoulychn.person.spi.vo" description="包路径"/>
    <item name="path" value="vo" description="vo存放的路径，相对于baseDir"/>
  </category>
  
  <category name="manager" description="manager配置">
    <item name="package" value="com.zhoulychn.dms.person.manager" description="包路径"/>
    <item name="path" value="manager" description="实体存放的路径，相对于baseDir"/>
  </category>
  
  <category name="managerImpl" description="managerImpl配置">
    <item name="package" value="com.zhoulychn.dms.person.manager.impl" description="包路径"/>
    <item name="path" value="manager/impl" description="managerImpl存放的路径，相对于baseDir"/>
  </category>
  
  <category name="command" description="command配置">
    <item name="package" value="com.zhoulychn.person.spi.command" description="包路径"/>
    <item name="path" value="command" description="command存放的路径，相对于baseDir"/>
  </category>
  
  <category name="service" description="service配置">
    <item name="package" value="com.zhoulychn.person.spi" description="包路径"/>
    <item name="path" value="service" description="service存放的路径，相对于baseDir"/>
  </category>
  
  <category name="serviceImpl" description="serviceImpl配置">
    <item name="package" value="com.zhoulychn.dms.person.service.impl" description="包路径"/>
    <item name="path" value="service/impl" description="实体存放的路径，相对于baseDir"/>
  </category>
  
  <category name="serviceTest" description="service测试类配置">
    <item name="package" value="com.zhoulychn.dms.person.service.impl" description="包路径"/>
    <item name="path" value="service/impl" description="实体存放的路径，相对于baseDir"/>
  </category>-->
</system>